index,Neighborhood,eattend10,eattend11,eattend12,eattend13,mattend10,mattend11,mattend12,mattend13,hsattend10,hsattend11,hsattend12,hsattend13,eenrol11,eenrol12,eenrol13,menrol11,menrol12,menrol13,hsenrol11,hsenrol12,hsenrol13,aastud10,aastud11,aastud12,aastud13,wstud10,wstud11,wstud12,wstud13,hstud10,hstud11,hstud12,hstud13,abse10,abse11,abse12,abse13,absmd10,absmd11,absmd12,absmd13,abshs10,abshs11,abshs12,abshs13,susp10,susp11,susp12,susp13,farms10,farms11,farms12,farms13,sped10,sped11,sped12,sped13,ready11,ready12,ready13,math310,math311,math312,math313,read310,read311,read312,read313,math510,math511,math512,math513,read510,read511,read512,read513,math810,math811,math812,math813,read810,read811,read812,read813,hsaeng10,hsaeng11,hsaeng12,hsaeng13,hsabio10,hsabio11,hsabio12,hsabio13,hsagov10,hsagov11,hsagov13,hsaalg10,hsaalg11,hsaalg12,hsaalg13,drop10,drop11,drop12,drop13,compl10,compl11,compl12,compl13,sclsw11,sclsw12,sclsw13,sclemp13
0,Allendale/Irvington/S. Hilton,1118,1037,999,939,747,624,586,593,1064,930,862,844,965,973,920,582,568,572,852,833,807,94.9%,93.9%,93%,93.4%,2.9%,3.5%,3.9%,3.7%,0.8%,1.5%,2.1%,1.9%,14.7%,20.6%,15.6%,16.6%,28.8%,20%,14.7%,14.7%,41.2%,38.3%,39%,35.7%,9.5%,10.4%,10%,7.6%,86.1%,86.1%,79.3%,87.8%,16.9%,16.7%,17.3%,18.1%,68.4%,70.6%,88.2%,67.2%,73.5%,69.8%,64.8%,59.6%,60.9%,59.6%,63.6%,67%,55.9%,65%,59.7%,76.1%,69.2%,81%,77.5%,23.7%,27.9%,38%,37.2%,45.1%,54.4%,62.4%,60.4%,38%,34.1%,32.3%,27.5%,41%,31.2%,32.2%,30.3%,53%,46%,38.5%,19.9%,20.6%,17.9%,17.9%,3.8%,4.9%,2.7%,2.7%,80.3%,83.9%,78.1%,78.1%,6.8%,9.6%,9.6%,71%
1,Beechfield/Ten Hills/West Hills,574,647,605,606,349,351,370,379,511,516,494,507,597,583,580,317,364,365,463,474,490,95.4%,95.6%,95.6%,94.5%,2.1%,2.5%,2.5%,2.9%,0.6%,1.2%,1.1%,1.5%,6.4%,17.9%,9.9%,12%,11.7%,11.1%,10.3%,10%,29.9%,31.4%,29.1%,23.7%,8.1%,6.7%,8.4%,4.9%,76.3%,77.8%,69.6%,79.1%,12.7%,12.9%,14%,14.3%,44.2%,71.8%,82.4%,76.7%,75.9%,73.6%,77%,69.9%,69.2%,73.8%,73.5%,79.8%,63.2%,74.6%,71.9%,88.3%,78.7%,80.3%,82%,29.2%,39.6%,39.8%,42.9%,56.7%,77%,66.7%,75.2%,43.6%,37.1%,36.8%,44.6%,47.6%,41.3%,45.9%,50.3%,60.1%,52.3%,53.9%,24.6%,22.7%,28.1%,28.1%,2%,1.9%,3%,3%,85.9%,80.3%,82.1%,82.1%,5.1%,5.6%,5.6%,81.1%
2,Belair-Edison,1162,1241,1174,1149,831,773,746,714,1219,1178,1126,1117,1160,1141,1114,741,723,701,1084,1091,1080,96.9%,97%,96.7%,96.1%,1.3%,1.5%,1.4%,1.4%,0.3%,0.7%,1.2%,1.6%,14%,18.9%,16.8%,16.3%,12.4%,13.1%,14.9%,8.8%,41.1%,44%,41.5%,34.5%,9.9%,8.6%,8.7%,9.8%,85.5%,84.4%,78.8%,86%,16%,16.7%,17.4%,16.5%,69%,57.6%,75.3%,76.9%,68.1%,70.4%,60%,69.8%,67.7%,62.2%,57.7%,74.8%,60.3%,70.1%,59.9%,79%,69.8%,76.4%,70.9%,30.6%,44.8%,38%,38.6%,57.3%,65.6%,57.5%,60.8%,32.5%,33.4%,32.2%,30.6%,36.9%,33.7%,32.7%,36.3%,39%,40.7%,41.9%,23%,18.7%,18.6%,18.6%,4%,4.2%,3.8%,3.8%,82.9%,79.9%,77.4%,77.4%,7.2%,7.6%,7.6%,78.5%
3,Brooklyn/Curtis Bay/Hawkins Point,1011,1093,997,1050,525,481,479,512,615,537,552,519,966,933,972,420,446,480,474,534,482,58.9%,58.3%,58.2%,55.8%,31.1%,31.6%,30.2%,30.3%,6.6%,8.3%,9.5%,11.9%,19.6%,19.8%,20.1%,19.1%,21.3%,24.5%,24%,25.4%,36.3%,46.9%,48.2%,39.3%,8%,6.7%,7.6%,11.4%,85.8%,88.5%,78.5%,90.5%,20.3%,18.5%,18.6%,18.2%,42.9%,84.2%,70.9%,82.4%,75.9%,78%,68.9%,74.5%,69.2%,63.2%,62%,70.8%,60.9%,63.1%,60.2%,81.2%,74%,72.5%,64.8%,32.5%,26.5%,38.1%,26.1%,56.3%,68.1%,62.8%,60.3%,39.2%,36.8%,30.9%,38.5%,45.4%,37.7%,46.2%,46.2%,55.6%,48.4%,59%,30.5%,25.5%,21.3%,21.3%,5.2%,3.5%,4.8%,4.8%,78.5%,75.4%,70.5%,70.5%,6.2%,8%,8%,91.9%
4,Canton,90,76,89,84,32,37,38,39,49,37,30,29,69,82,79,32,36,35,30,26,28,19.6%,17.2%,19.1%,16.4%,59.8%,54.6%,51.3%,54.5%,17.5%,19%,21.1%,25.4%,7.8%,6.6%,6.7%,6%,21.9%,13.5%,13.2%,12.8%,22.4%,29.7%,20%,34.5%,8.5%,7.5%,3.5%,5.3%,73.5%,71%,61.8%,67.7%,17.5%,14.9%,11.6%,10.6%,84.2%,45.5%,96%,100%,75%,88.9%,80%,90%,83.3%,77.8%,80%,81.8%,50%,76.9%,83.3%,100%,71.4%,92.3%,83.3%,77.8%,66.7%,45.5%,60%,88.9%,75%,72.7%,80%,42.9%,30.8%,55.6%,60%,50%,25%,78.6%,37.5%,18.2%,63.6%,25%,39.3%,42.9%,37.5%,37.5%,4.1%,8.1%,0%,0%,75%,66.7%,100%,100%,2.7%,1.9%,1.9%,92.1%
5,Cedonia/Frankford,1284,1451,1425,1379,729,844,758,749,1477,1315,1251,1210,1309,1337,1319,767,734,716,1178,1182,1162,91.3%,88.5%,86.3%,86.9%,3.5%,4.2%,4.1%,3.8%,0.9%,1.2%,1.8%,1.9%,10.5%,13.8%,10%,8.9%,9.1%,12.1%,13.5%,7.3%,35.5%,36.3%,32%,30%,9.1%,6.7%,6.8%,5.6%,80.5%,80.9%,73.1%,82.5%,16.9%,15.7%,16%,16%,75.4%,74.6%,84.9%,65.7%,72.1%,71.5%,63.1%,55.8%,66%,62.9%,59.8%,67.9%,58.6%,72.2%,72.4%,72.9%,74.9%,67.7%,71.3%,31.9%,41.3%,36.1%,42.4%,52.2%,59.5%,53.6%,65%,31%,30.2%,31.4%,29.4%,39.4%,34.1%,32.7%,35.8%,44.2%,41.1%,35.1%,22.7%,21.1%,18.7%,18.7%,2.6%,3%,3.8%,3.8%,82.1%,82.3%,83.9%,83.9%,5.2%,6.5%,6.5%,90.2%
6,Cherry Hill,833,818,845,830,412,391,420,452,584,547,514,530,778,817,805,370,412,444,507,493,519,97.6%,97.9%,96.9%,96.4%,0.5%,0.8%,1%,1%,0%,0.7%,1.6%,2%,14.3%,21.5%,18.9%,18.7%,17%,19.2%,19.5%,18.4%,44.2%,50.6%,46.7%,44%,10.5%,7.2%,10.5%,10.5%,91.3%,92.3%,88.5%,94.1%,19.6%,17.7%,17.9%,17.7%,68.3%,82.1%,84.8%,69.6%,57.9%,64.7%,72.7%,68.5%,54.1%,56.7%,65.2%,64.3%,52.3%,64.1%,54.3%,67.5%,55.7%,67.3%,61.1%,34%,32.7%,29.7%,32%,54.9%,57%,45.9%,47.2%,29.7%,29.6%,27.2%,26.4%,32%,27.2%,36.4%,25.3%,43.6%,40.7%,37.7%,23.2%,25%,21.9%,21.9%,3.9%,4.9%,3.2%,3.2%,76.4%,85.3%,84.4%,84.4%,8.9%,9.6%,9.6%,86.2%
7,Chinquapin Park/Belvedere,381,391,388,362,228,216,207,203,351,338,306,307,368,369,352,203,199,196,301,291,299,93.3%,91.7%,90.4%,91.3%,3.6%,4.7%,4.8%,5%,0.4%,2%,2.7%,1.7%,10.5%,12.3%,10.6%,10.5%,9.2%,10.6%,6.3%,12.8%,34.5%,29.6%,31.7%,28.3%,6.5%,7.2%,8%,7.2%,79.6%,75.7%,68.1%,75.3%,15.4%,16.7%,16.6%,15.2%,68.1%,73.1%,84.3%,86.6%,87%,89.4%,77%,82.1%,83.1%,80.6%,71.6%,73.8%,75%,79.5%,79.5%,87.7%,83.8%,83.3%,90.4%,30.3%,37.3%,41.5%,44.4%,42.4%,51.7%,59.7%,66.7%,44.7%,38.1%,31.3%,39.2%,44%,32.7%,35.8%,42%,47.1%,56.2%,60.5%,22.7%,23.6%,14.8%,14.8%,4.3%,2.4%,2.6%,2.6%,76.4%,84.1%,82.4%,82.4%,5.6%,7.3%,7.3%,82.3%
8,Claremont/Armistead,538,605,575,671,267,259,274,312,343,356,338,369,548,557,645,234,257,295,309,323,354,58.7%,57.4%,56.2%,57.4%,23.8%,20.9%,19.2%,17.4%,14.4%,18.6%,21.6%,23.2%,14.1%,12.7%,9.9%,11.9%,15.4%,13.9%,12.4%,9%,41.4%,44.7%,42%,38.5%,4.8%,4.8%,3.8%,4.1%,81.9%,86.6%,81%,88.9%,15.6%,13.6%,13.8%,13.8%,77.6%,86.8%,84%,82.9%,86.5%,83.5%,87.9%,57.3%,77.7%,68.7%,78.5%,70.1%,72.6%,75%,83.8%,83.6%,77.9%,77.4%,82.7%,32.6%,43.2%,48.7%,46.7%,56.2%,60.8%,67.6%,66.3%,27.3%,35.9%,32.5%,27.5%,51.9%,46%,38.7%,35%,48.2%,43.1%,47.7%,28.6%,21.6%,22.2%,22.2%,3.2%,1.4%,6.1%,6.1%,80.3%,81.5%,78.4%,78.4%,4.9%,6.4%,6.4%,84.4%
9,Clifton-Berea,879,787,754,772,523,439,426,421,784,678,588,555,734,734,741,410,420,407,605,577,541,98.2%,98.6%,98.4%,98.4%,0.3%,0.6%,0.7%,0.6%,0.4%,0.5%,0.5%,0.5%,15.4%,23%,16.6%,16.2%,18%,21%,21.6%,16.4%,42.2%,48.5%,51%,43.4%,10.4%,11.3%,10.2%,9%,89.9%,91.9%,82.9%,93%,16.8%,16.3%,15.9%,16.3%,69.4%,78.1%,79%,62.5%,77.7%,57.5%,57.4%,62.5%,67.6%,48.9%,54.7%,64.6%,53.9%,50.7%,51.5%,70.8%,61.7%,52.1%,65.2%,25.2%,33.6%,26.9%,19.8%,42.8%,53.9%,43.9%,47.4%,24.5%,26.1%,23%,17.5%,33.5%,25.8%,29.5%,26.6%,40.2%,34.3%,33.3%,23.1%,20%,20.3%,20.3%,4.6%,5.5%,6%,6%,77.7%,80.8%,81.3%,81.3%,8.9%,9.9%,9.9%,82.5%
10,Cross-Country/Cheswolde,194,259,254,210,108,140,128,114,124,160,144,140,232,244,200,122,125,104,139,138,127,74.4%,75.2%,79.2%,77.1%,4.9%,8.4%,6.4%,8.4%,4.7%,6.6%,6.8%,7.3%,8.8%,8.1%,5.9%,11%,1.9%,4.3%,6.3%,7%,26.6%,26.3%,22.9%,22.9%,5.9%,3.2%,3.8%,1.3%,56.4%,63.1%,56.8%,64.9%,14.3%,14.1%,14.2%,13.4%,43.9%,70.7%,69.2%,86.4%,83%,81.5%,76.1%,90.9%,84.4%,75.9%,78.3%,66.7%,85.4%,76.2%,73.3%,76.2%,90.2%,90.5%,86.7%,58.3%,54.3%,64.9%,69.2%,72.2%,76.5%,89.5%,78.4%,42.4%,46.2%,43.6%,46.8%,73.1%,53.8%,46.7%,52.9%,63.3%,51.2%,71%,34%,40%,23.5%,23.5%,2.4%,3.1%,0.7%,0.7%,76.9%,80%,75.8%,75.8%,2.9%,3.9%,3.9%,99.2%
11,Dickeyville/Franklintown,219,233,209,221,124,115,103,110,183,157,150,126,210,187,211,101,97,104,139,147,119,97.5%,97.8%,96.7%,97.2%,0.5%,1%,2%,1.5%,0.5%,0.9%,1.1%,1.1%,10.5%,12.4%,7.7%,10.4%,22.6%,19.1%,10.7%,10.9%,36.1%,38.2%,42%,42.1%,8.9%,7.6%,7.2%,7.2%,81.4%,82%,72.3%,85.6%,9.8%,11.7%,13.3%,14.2%,57.5%,80.9%,84.8%,94.4%,60%,78.6%,89.1%,88.9%,60%,73.8%,87%,73.5%,66.7%,90.3%,74.1%,85.3%,76.9%,83.9%,69.2%,21.3%,26.8%,40%,44.8%,48.9%,70.7%,52%,69%,43.1%,47.6%,32.7%,31%,47.6%,42.2%,33.3%,20.5%,51.1%,48.6%,57.1%,20.5%,22.4%,25%,25%,2.7%,1.3%,2%,2%,78.6%,80%,84.8%,84.8%,6.9%,7.1%,7.1%,100%
12,Dorchester/Ashburton,578,644,642,618,404,376,340,325,732,656,599,557,607,618,598,352,331,318,599,580,535,97.6%,97.4%,97.1%,97.2%,0.4%,1.2%,0.9%,0.9%,0.2%,0.9%,1.1%,1.2%,11.1%,14%,11.2%,11.5%,9.4%,13.8%,13.2%,9.2%,37%,35.5%,32.1%,30%,9.3%,8.7%,9.2%,7.5%,78.6%,79.2%,73.3%,83.1%,16.4%,15.9%,17.4%,16.9%,40.3%,65%,58.9%,82.1%,73.9%,72.5%,77.3%,78.6%,73%,66.1%,67.6%,71.9%,72.1%,78.7%,66.4%,80.2%,85.6%,79.7%,68.4%,31.4%,38.2%,31.1%,41.2%,60.2%,61.8%,59.1%,59.6%,37.6%,37.9%,29.7%,33.5%,38.7%,32.2%,35.2%,38.1%,50.6%,43.8%,50.5%,21.8%,19.8%,17.2%,17.2%,4.5%,3%,4.1%,4.1%,80.7%,79.3%,81.8%,81.8%,7.7%,9.8%,9.8%,92.1%
13,Downtown/Seton Hill,111,78,94,107,45,56,43,47,80,75,72,71,75,86,99,54,42,44,65,69,67,93%,92.2%,89.1%,86.7%,2.2%,2.8%,4.8%,7.1%,1.1%,0.4%,2.4%,2%,8.1%,23.1%,12.8%,14%,22.2%,25%,14%,14.9%,40%,36%,38.9%,40.8%,4.8%,7.5%,8.9%,9.3%,84.4%,86.6%,76.2%,86.3%,17%,18.4%,17.3%,16.9%,70.4%,91.3%,75%,60%,80%,66.7%,61.1%,60%,85%,80%,55.6%,62.5%,77.8%,46.2%,61.1%,79.2%,44.4%,61.5%,52.9%,23.5%,25%,33.3%,47.4%,52.9%,37.5%,55.6%,57.9%,41.2%,45%,53.6%,26.1%,33.3%,43.5%,35%,31%,47.1%,36.8%,44.4%,32.4%,25%,13.8%,13.8%,5%,1.3%,0%,0%,82.4%,90.9%,93.3%,93.3%,6.7%,8.1%,8.1%,82.9%
14,Edmondson Village,520,532,494,475,325,341,309,293,614,584,505,483,504,476,462,313,304,288,540,503,469,99%,99%,99.1%,98.9%,0.3%,0.3%,0.2%,0.2%,0.1%,0.5%,0.5%,0.7%,16.7%,17.1%,12.3%,14.5%,38.2%,12.9%,18.4%,14.7%,45.1%,45.5%,42.4%,35.8%,11.8%,9.5%,11.7%,6.2%,86%,84%,79.4%,87.5%,16.9%,16.2%,17.2%,16.9%,77.8%,74.5%,87%,80.8%,54.5%,51%,66.3%,74.7%,53.6%,46.9%,65%,57%,65.6%,63.9%,54.5%,78%,77.1%,71.4%,60.2%,31.7%,31.4%,32%,25.3%,57.4%,52.3%,50%,53%,35.6%,33%,32.1%,22.5%,45.5%,32.8%,35%,33.9%,54.2%,43.3%,56%,22.3%,19.7%,18%,18%,3.1%,3.8%,1.4%,1.4%,77.7%,77%,83.6%,83.6%,7.5%,9.8%,9.8%,97.4%
15,Fells Point,188,162,184,190,59,54,58,69,100,72,68,84,145,176,186,48,53,66,60,59,77,28.5%,16.2%,15.1%,22.2%,20.5%,26.4%,25.9%,24.8%,43%,51.1%,53.1%,48.2%,6.9%,4.9%,5.4%,6.8%,11.9%,5.6%,13.8%,8.7%,43%,48.6%,44.1%,27.4%,6.2%,4.1%,5.2%,7.3%,73.8%,75.5%,71.6%,75.9%,16.6%,13.7%,15.6%,13.2%,64%,50%,88.7%,87.8%,92.3%,86.1%,77.5%,78%,73.1%,82.9%,77.5%,75.9%,72.7%,84.6%,79.2%,82.8%,90.5%,88.5%,87%,42.9%,42.9%,72.7%,54.5%,76.2%,57.1%,72.7%,81%,41.7%,22.2%,51.9%,35.7%,42.9%,31.3%,66.7%,52.2%,50%,72.2%,66.7%,44.4%,26.7%,31.8%,31.8%,4%,2.8%,8.3%,8.3%,72.2%,92.3%,53.8%,53.8%,3.1%,1.9%,1.9%,90.7%
16,Forest Park/Walbrook,551,583,548,599,369,330,318,328,603,535,463,510,528,532,566,305,310,314,487,446,485,97.8%,97.8%,97.9%,97.7%,0.5%,0.5%,0.6%,0.6%,0.4%,1.1%,0.9%,1.1%,13.1%,14.8%,8.4%,9.8%,16.3%,17.6%,17%,12.8%,41.1%,43.2%,40%,32.7%,8.1%,9%,9%,9.1%,83.9%,84.2%,76.4%,86.1%,19.9%,18.1%,17.9%,16.3%,70.7%,75.4%,79.6%,83.8%,82.5%,80.4%,75.5%,74.3%,80.6%,79.3%,72.3%,75.3%,75.5%,85.1%,78.8%,85.4%,87.3%,84.3%,76.1%,17.4%,30.1%,32.5%,41.3%,47.1%,63.9%,55.3%,61.5%,39.7%,35.7%,27.4%,35.8%,46.6%,35.9%,37.7%,40%,50%,43.4%,55.1%,25.5%,24.1%,23.5%,23.5%,3.8%,4.1%,4.6%,4.6%,74.1%,76.4%,80.2%,80.2%,6.9%,9.8%,9.8%,78.7%
17,Glen-Fallstaff,421,589,548,630,306,333,309,387,506,468,446,493,538,527,598,311,300,343,411,434,472,88.1%,87.6%,86.3%,83.3%,4.3%,3.8%,3.8%,4.5%,2.4%,6.4%,7.9%,10.1%,8.8%,11.5%,7.1%,9.5%,7.8%,9.9%,6.1%,8.5%,30.8%,30.1%,32.1%,27.4%,8.6%,7.2%,7%,5.2%,71.5%,75.9%,69.3%,77.5%,15.2%,15.3%,15.4%,14%,61.5%,67.7%,66.4%,69.3%,74.3%,80.4%,73.6%,69.3%,70.4%,69.1%,67.8%,54.5%,72.2%,69.2%,67%,77.9%,79.6%,81%,77.4%,35%,54.1%,48.5%,55.4%,60.2%,69.6%,63.9%,71.3%,45.2%,42.1%,46.9%,39.5%,49.1%,41.8%,50.7%,43.6%,50%,52%,52.8%,27.7%,31%,17.7%,17.7%,2.2%,3.8%,2.2%,2.2%,79.5%,73.4%,82%,82%,5%,6.1%,6.1%,88.8%
18,Greater Charles Village/Barclay,388,359,356,382,214,200,184,204,283,282,269,285,333,346,366,185,180,193,245,258,276,88.5%,84.8%,83.2%,84.2%,5.9%,7.9%,9.3%,8.5%,1.8%,3.5%,4.1%,4.1%,11.6%,14.2%,14.9%,12%,15.4%,13.5%,11.4%,13.7%,44.5%,43.3%,37.2%,36.8%,7.7%,5.9%,5.4%,5.9%,84.2%,83.1%,77.5%,83.5%,17.1%,14.5%,15.2%,14.4%,74%,67.9%,81%,77.3%,73.9%,82%,69.4%,71.1%,58.5%,75%,70.8%,67.1%,71.4%,77.3%,70.5%,78.9%,80.4%,80.3%,85%,44.3%,29.4%,38.5%,48.6%,53.2%,68%,71.2%,72.2%,33.3%,38%,46.2%,38.3%,37.1%,52.2%,49.4%,38.1%,37.3%,53.5%,54.2%,28.3%,24.7%,21.3%,21.3%,3.9%,4.6%,3.2%,3.2%,76.3%,76.9%,77.6%,77.6%,8.6%,10%,10%,99.2%
19,Greater Govans,583,649,613,671,381,384,347,372,684,619,555,553,589,599,651,361,338,362,558,518,526,97.3%,97.5%,97%,96.5%,0.6%,1.3%,1.2%,1.8%,0.4%,0.6%,1%,1.1%,11.7%,16%,9.6%,9.4%,12.1%,16.4%,10.1%,9.7%,33.8%,38.9%,35.3%,34.5%,10.1%,8.7%,7.5%,7.1%,81.7%,82.3%,75.5%,85.6%,17.9%,17.8%,16.6%,17.5%,68.4%,85.8%,74.1%,85.7%,75.2%,70.5%,72%,84.8%,68.3%,67.4%,66.9%,67.3%,66.1%,78.5%,68.9%,81.8%,75.6%,76.7%,75.8%,43.4%,36.2%,41%,35.2%,64.3%,61.5%,59.8%,65%,40.4%,35.7%,33.9%,36.8%,40.5%,32.9%,35.8%,34.4%,45.4%,44.9%,36.6%,25.2%,25.8%,30.1%,30.1%,3.7%,4.2%,3.9%,3.9%,83.8%,91%,88.7%,88.7%,7.1%,10.4%,10.4%,83.1%
20,Greater Mondawmin,584,549,533,545,352,315,307,297,592,522,478,501,519,517,542,299,301,285,474,465,475,98.2%,98.5%,98.2%,98.6%,0.2%,0.6%,0.8%,0.5%,0%,0.4%,0.5%,0.6%,12.3%,16.8%,10.3%,13.6%,11.6%,20.6%,14%,11.4%,36%,37.9%,32.8%,28.5%,7.5%,9%,8.8%,7%,84.1%,83.8%,76.9%,86.1%,16.3%,15.9%,15.7%,15.6%,75.3%,83.6%,83.6%,80%,75.5%,86.1%,62.6%,69.5%,69.4%,74.3%,58.3%,76.6%,69.5%,76.2%,66.3%,81.9%,73.7%,79.8%,72.4%,27.6%,26.4%,30.2%,31.2%,44.8%,52.3%,55.7%,55.8%,29.6%,35.6%,36.8%,36.5%,38.6%,36.4%,36%,42.3%,37.4%,48.4%,47%,22.6%,24.6%,20.5%,20.5%,3%,4.4%,2.9%,2.9%,80.2%,83.2%,82.4%,82.4%,8%,8.9%,8.9%,76.6%
21,Greater Roland Park/Poplar Hill,182,256,234,243,83,98,107,104,54,83,79,74,233,226,228,85,107,97,69,78,75,19.1%,23.1%,20.9%,22.9%,55.5%,59.4%,57.6%,58%,3%,3%,4.5%,4.5%,4.9%,3.9%,3%,2.1%,6%,5.1%,2.8%,3.8%,5.6%,8.4%,6.3%,9.5%,2.1%,1.8%,0.6%,0%,22.7%,15%,13.7%,13.3%,7.2%,6.4%,6.8%,6%,91.3%,85.7%,95.2%,94.9%,97.9%,90%,96.4%,100%,97.8%,92.3%,96.4%,100%,97.6%,96.2%,100%,100%,100%,100%,97.7%,56%,64.3%,92.6%,81.5%,80%,85.2%,92.3%,85.2%,81.8%,83.3%,92.3%,76.5%,94.1%,100%,85.7%,81.8%,87.5%,89.5%,80%,68%,44.4%,50%,50%,0%,1.2%,0%,0%,100%,83.3%,100%,100%,1.4%,1.2%,1.2%,98.8%
22,Greater Rosemont,1452,1457,1444,1418,788,779,804,813,1343,1201,1131,1088,1374,1410,1382,727,780,786,1083,1103,1055,98.7%,98.7%,98.2%,98.4%,0.3%,0.5%,0.6%,0.5%,0.1%,0.6%,0.9%,0.9%,12.6%,16.8%,11.1%,12.8%,22.1%,15.8%,13.7%,11.8%,43.4%,49%,48.2%,38.2%,9.4%,7.9%,8%,6.8%,88.9%,88.8%,82.2%,91.3%,19.2%,18%,18.1%,16.7%,75%,75.3%,77.5%,77.1%,66.5%,66.9%,51.4%,71.2%,69.3%,57.3%,53.5%,70.2%,56.5%,66.6%,59.8%,82.4%,77.3%,67.6%,73%,28.1%,31.6%,29.4%,34.7%,49.8%,56%,53.2%,58.2%,37.9%,32.3%,27.6%,27%,38.4%,28.9%,33.6%,30.4%,46.7%,42.2%,38.4%,22.6%,21%,21.1%,21.1%,4.5%,4.2%,5.3%,5.3%,77%,78%,82.5%,82.5%,8.8%,10.3%,10.3%,90.3%
23,Greenmount East,584,529,537,580,438,350,318,315,627,583,520,490,499,529,568,325,320,304,532,486,470,97.9%,98.6%,98.4%,97.9%,0.5%,0.4%,0.4%,0.7%,0.2%,0.3%,0.5%,0.7%,14.7%,21.6%,20.1%,14.5%,23.7%,20.9%,18.9%,14.6%,47.7%,49.1%,51%,44.3%,11.9%,10.7%,12.9%,10.4%,90.2%,89.5%,82.6%,92.3%,19.9%,18.8%,18.3%,19.9%,73.5%,64%,80.3%,73.7%,67.4%,70.4%,61.4%,64.9%,71.6%,57.4%,60.4%,67.6%,59.8%,62.8%,57.9%,72.2%,72.4%,71.6%,75.8%,26.7%,29.1%,27%,29.4%,48.1%,49.4%,51.5%,51.4%,27.8%,22.6%,30%,29%,34.5%,28.9%,33.8%,29.3%,41.2%,38.9%,29.4%,24%,22.7%,20.1%,20.1%,4.1%,5.8%,4.9%,4.9%,74.1%,72.9%,83.3%,83.3%,8.4%,9.3%,9.3%,91.3%
24,Hamilton,670,713,636,572,427,454,404,397,638,604,569,518,641,618,548,408,401,385,555,542,498,86.4%,85.9%,85.8%,86.5%,9.1%,10.4%,10.1%,10.1%,1.9%,1.7%,1.9%,1.5%,7.9%,13.7%,9.9%,9.6%,10.1%,11.9%,11.9%,9.8%,30.6%,29.3%,27.8%,23.7%,8.8%,7.8%,7.9%,5.9%,74%,73.2%,67%,73.3%,16.4%,15.2%,16%,15.9%,75%,63.9%,69.2%,74%,70.9%,79.7%,67.2%,76.4%,72%,75.2%,67.2%,68%,64.3%,70.2%,68.6%,82.3%,84.4%,76.6%,83.3%,40.8%,34.8%,51.8%,41.2%,65.8%,69.3%,63.3%,73.9%,50.8%,50%,38.7%,44.7%,55.2%,39.6%,42.6%,45.9%,52.6%,56.9%,60.7%,29.9%,30.1%,21.8%,21.8%,4.1%,3.3%,2.1%,2.1%,77.4%,81.4%,79.3%,79.3%,5.8%,5.5%,5.5%,94.3%
25,Harbor East/Little Italy,381,344,354,402,155,161,153,172,206,209,194,199,332,347,396,154,151,169,182,178,186,93.7%,93.7%,93.3%,91.4%,1%,1.6%,1.4%,1.1%,2.6%,3.6%,3.5%,6.8%,14.2%,16.6%,12.4%,20.6%,17.4%,18%,15%,14%,40.8%,50.2%,47.9%,36.2%,6.5%,7.1%,6.9%,6.1%,91.4%,92.4%,86.1%,94.8%,17.1%,17%,20.1%,18.4%,59.3%,86.4%,40.3%,82.5%,74.7%,77.6%,70%,69.8%,54.9%,60.3%,71.7%,63.6%,72%,80.7%,51.4%,70.9%,72%,80.7%,63%,21.1%,44.7%,32.6%,33.3%,34.2%,63%,54.4%,64.6%,33.3%,35.6%,25.5%,29.5%,38%,26.5%,22.6%,33.8%,52.7%,38.7%,29.6%,22%,14.1%,16.3%,16.3%,4.9%,7.7%,7%,7%,66.7%,82.4%,70.7%,70.7%,5.6%,8.8%,8.8%,60.2%
26,Harford/Echodale,805,828,770,789,493,503,451,429,679,634,602,581,740,738,771,464,447,418,572,557,564,83%,84.5%,84.3%,84.4%,12.6%,11.2%,11.5%,11.2%,2.6%,2.8%,2.9%,3.3%,10.8%,11.7%,7.7%,9.4%,10.1%,13.1%,10%,9.3%,28%,28.5%,27.1%,23.4%,5.4%,7.1%,6%,6.1%,72.1%,71.2%,68%,77.3%,17.4%,18.4%,17%,18%,78.8%,82.9%,81.2%,81.6%,75.7%,77.6%,72.6%,73.5%,73.6%,70.2%,68.7%,74.2%,73.2%,79.3%,69.2%,83.9%,85%,86.1%,78.9%,44.2%,38.4%,52.3%,50%,63.9%,72%,73.2%,68.3%,47.9%,53.4%,49.2%,43.9%,45.8%,48.6%,51.1%,48.9%,60.7%,57.1%,53.3%,35.4%,24.7%,25.3%,25.3%,2.7%,3%,1.1%,1.1%,84.1%,84%,86%,86%,5.4%,5.9%,5.9%,83.3%
27,Highlandtown,239,257,267,299,109,117,135,127,133,136,117,139,231,254,286,106,126,123,119,109,125,33.9%,28.2%,25.8%,25.2%,27%,25.5%,23.6%,23.2%,34.5%,41.4%,45.1%,48%,10.5%,14.8%,10.1%,11.7%,19.3%,21.4%,15.6%,11.8%,51.1%,53.7%,51.3%,43.2%,7.5%,5.9%,6.2%,5.3%,83.2%,84%,78.2%,84.4%,15%,11.9%,11.8%,11.5%,72.9%,66.7%,71.9%,77.5%,73.9%,71.4%,66.7%,77.5%,64.4%,63.8%,65%,71.8%,66.7%,63.4%,63.4%,71.8%,81.1%,75.6%,74.4%,41.5%,35.7%,44.4%,52.3%,73.2%,60.7%,70.6%,68.2%,36.4%,31.1%,25.6%,28.6%,41.9%,41.7%,22.9%,39.5%,33.3%,43.9%,22.2%,33.9%,35.7%,12.8%,12.8%,4.5%,2.9%,10.3%,10.3%,61.9%,74.3%,75%,75%,8%,6.4%,6.4%,87.3%
28,Howard Park/West Arlington,492,527,438,490,314,282,270,256,519,484,403,418,467,422,471,253,256,246,437,385,403,95.7%,96.5%,96.2%,96%,0.6%,1%,0.8%,0.8%,0.9%,1.5%,1.9%,2%,6.5%,9.9%,10.3%,12%,11.5%,13.8%,15.2%,14.1%,37.2%,32.2%,29%,26.6%,8.5%,7.2%,8%,6.5%,77.1%,78.5%,70%,81.1%,17.1%,15.4%,15.3%,15.9%,59.8%,71.3%,89.2%,86.5%,83.3%,85.9%,74%,82%,76.3%,77.5%,72%,82.1%,67.3%,55.8%,54.6%,91.7%,76.2%,79.2%,74.2%,31.5%,34.8%,38.6%,39%,55.4%,58%,60%,71.3%,38.2%,43.8%,37.7%,31.4%,49.7%,50%,37.3%,43.1%,49.7%,45.5%,46.4%,25%,20.4%,23.6%,23.6%,3.7%,2.5%,2.9%,2.9%,83.6%,78.8%,79.8%,79.8%,6.8%,6.5%,6.5%,96.6%
29,Inner Harbor/Federal Hill,210,231,236,226,92,68,91,76,127,107,93,92,201,222,218,65,87,75,97,91,86,48.5%,38.8%,42.3%,43.3%,41.4%,49.6%,46.5%,47.8%,4.7%,5.6%,5.2%,3.9%,9%,11.3%,7.6%,7.5%,17.4%,11.8%,13.2%,15.8%,38.6%,42.1%,43%,34.8%,6.3%,4.1%,6.4%,8.6%,69.4%,70.3%,58.3%,61%,20.3%,15.7%,14.7%,13%,75.8%,89.1%,90%,80.6%,83.3%,86.5%,91.4%,96.8%,83.3%,84.6%,94.3%,75%,62.9%,58.8%,78.3%,90%,85.7%,73.5%,91.3%,76.7%,46.2%,43.8%,53.3%,76.7%,61.5%,53.1%,60%,28.3%,36.1%,34.4%,37%,32.6%,50%,13%,41.7%,59.1%,44%,71.4%,36.7%,17.9%,17.4%,17.4%,3.9%,3.7%,3.2%,3.2%,72.7%,70.6%,73.1%,73.1%,5.4%,6.8%,6.8%,96.3%
30,Lauraville,560,597,528,597,364,333,352,357,647,540,477,506,561,511,574,300,335,346,494,453,488,87.7%,84.3%,83.7%,84.5%,8.2%,11.1%,11.4%,11.6%,1.6%,1.7%,1.8%,2%,9.6%,14.7%,7.6%,8%,11.3%,10.2%,10.8%,9.5%,31.7%,30.7%,32.9%,29.6%,6.7%,7%,7%,6.1%,72.1%,70.5%,65.7%,74.7%,19.9%,16.5%,16.6%,16.5%,71.7%,78.6%,62.5%,84.9%,77.7%,76.8%,72.2%,81.7%,76.7%,73.7%,73%,68.4%,70.5%,69.5%,72.4%,73.4%,79.6%,87.6%,78.1%,34.5%,38.5%,55.3%,42.6%,53.8%,74.7%,64.1%,71.8%,40.5%,44.1%,38.7%,40.6%,41.8%,37.3%,43.4%,43.4%,42.1%,50.9%,52.9%,25.1%,23.3%,22.5%,22.5%,2.8%,2.4%,2.1%,2.1%,73.9%,80.3%,80.5%,80.5%,6.5%,7.2%,7.2%,94.9%
31,Loch Raven,793,946,913,916,549,480,421,407,758,741,704,696,872,873,894,437,416,399,676,662,676,96.6%,97.3%,97.3%,97.3%,0.8%,0.8%,0.5%,0.4%,0.2%,0.6%,1%,1%,6.6%,10.6%,7.2%,7.1%,8.4%,9.6%,8.8%,5.7%,31.4%,28.7%,22.6%,21.7%,7.5%,7.1%,8.3%,6.3%,75.3%,73.7%,68.8%,76.5%,14%,13.6%,15%,14.8%,61.1%,73.1%,78.3%,85.9%,83.6%,84.2%,78.1%,83%,83.1%,81.3%,75.9%,80.7%,81.3%,81.1%,73.9%,85.5%,87.7%,91.2%,88%,29.9%,36%,42%,45.2%,52.9%,62.9%,69.4%,67.7%,40.9%,48.5%,42.4%,37.4%,46.3%,44.6%,40.4%,44.5%,49.4%,51%,54.7%,30.2%,25.9%,24.8%,24.8%,2.8%,2.7%,2.2%,2.2%,81%,87.3%,87.3%,87.3%,5.3%,5.7%,5.7%,94.7%
32,Madison/East End,915,771,730,744,594,410,425,391,717,567,513,504,739,708,722,389,418,376,506,488,479,95.7%,95.6%,95.4%,94.7%,1.2%,1%,0.9%,1.2%,2%,3%,3.2%,3.6%,13.6%,21.8%,17.1%,16.3%,24.4%,23.9%,27.1%,17.1%,53.3%,60.1%,56.9%,50.4%,10.7%,9.9%,9.1%,8.6%,92.7%,92.5%,84.7%,93.9%,17.2%,18.2%,18.8%,18.2%,54.1%,59.4%,61%,73.8%,64.8%,69.5%,59.6%,78.1%,61.9%,55%,59.9%,83.2%,62.7%,69.5%,55.9%,85.7%,73.9%,75.2%,75.6%,21.5%,23.9%,40.3%,16%,42.4%,45.1%,53.2%,47.7%,21.6%,25.6%,24.6%,27.2%,28.1%,24.7%,26.3%,28.8%,28.3%,25.3%,26.2%,17.3%,18.2%,17%,17%,4.5%,5.3%,9.3%,9.3%,77.7%,75.4%,72.9%,72.9%,10.4%,11.5%,11.5%,73.4%
33,Medfield/Hampden/Woodberry/Remington,470,524,517,526,252,285,267,252,364,333,333,334,487,494,493,262,256,235,295,318,327,28.8%,28.3%,29.9%,26.3%,57.6%,58.6%,56.6%,59.9%,4.1%,4.8%,4.7%,5.7%,16.4%,18.5%,13%,16.9%,15.5%,19.6%,10.9%,13.9%,41.2%,35.1%,39.3%,30.8%,5.4%,3.8%,5.2%,3.8%,66.2%,69.3%,62.4%,67.7%,14%,13.6%,13.9%,14.3%,44.8%,50.8%,68%,95.3%,79.5%,93.4%,90.1%,88.2%,85.4%,89.3%,76%,88.7%,87.6%,84%,78.9%,93%,90.5%,91.6%,83.8%,50.7%,56.7%,58.1%,59.1%,69.6%,74.7%,73.8%,80%,54.4%,56%,54%,56.8%,60.7%,55.7%,60.9%,60.4%,59.1%,62.4%,56.4%,37.2%,32.5%,29.4%,29.4%,3.6%,5.7%,2.7%,2.7%,77.9%,81.1%,78.1%,78.1%,3.8%,4.4%,4.4%,86.7%
34,Midtown,245,208,203,197,107,80,91,92,166,149,152,141,190,195,185,76,88,89,134,148,135,82.2%,78.4%,77.8%,75.2%,10.4%,12.7%,12.3%,14.7%,2.3%,4.2%,5.6%,6.9%,9.4%,18.3%,10.8%,11.2%,22.4%,11.3%,14.3%,10.9%,34.9%,41.6%,40.1%,32.6%,8.8%,5.7%,7.2%,6.7%,75.7%,73.5%,65.5%,69.7%,17%,14.4%,13.1%,13.1%,58.5%,73.7%,72.5%,70%,71.1%,89.5%,79.3%,85%,68.4%,81.6%,73.3%,72.7%,63.4%,83.3%,73.5%,87.9%,78.1%,83.3%,74.3%,23.3%,25%,35.3%,41.7%,41.9%,60%,82.4%,75%,56.3%,47.8%,37.8%,41.7%,53.3%,49%,30.4%,42.6%,50%,43.2%,52.9%,28.1%,28.6%,24%,24%,5.4%,4%,3.2%,3.2%,67.6%,75%,91.4%,91.4%,5.9%,8.9%,8.9%,98.9%
35,Midway/Coldstream,750,720,699,707,460,403,413,451,709,599,560,573,683,678,701,387,411,436,553,535,559,98.5%,99.2%,98.9%,98.6%,0.2%,0.3%,0.3%,0.3%,0.1%,0.3%,0.3%,0.5%,15.6%,19.7%,15.9%,11%,22.2%,25.1%,21.3%,16.9%,44.6%,51.9%,48.9%,44.5%,11.1%,11.1%,9.6%,10.2%,88.7%,90.3%,81.9%,92.3%,17.6%,17.1%,17.3%,17.7%,54.8%,75.7%,79.7%,77%,76.4%,74.8%,63%,77%,71.8%,62.5%,60.1%,69.5%,63.6%,67.5%,57.4%,84.1%,80.5%,70.2%,74.3%,29.9%,40.2%,39.5%,29.7%,47.2%,61.7%,60.6%,51.4%,36%,36.8%,35%,26.6%,37.4%,28.1%,31.3%,32%,52.8%,42.9%,30.3%,26.2%,22.5%,22.3%,22.3%,4.1%,4.5%,4.9%,4.9%,81.8%,76.2%,73%,73%,10.9%,9.9%,9.9%,80.7%
36,Morrell Park/Violetville,429,455,448,467,252,239,242,235,208,232,229,228,401,423,439,222,236,226,197,217,217,22.4%,26.6%,25.2%,28%,67.4%,61.6%,61.3%,58.8%,4.9%,6.3%,7%,7.6%,17%,16.7%,16.3%,16.1%,19.8%,15.1%,16.5%,21.3%,26.4%,39.7%,40.6%,38.2%,4.5%,4.9%,5.1%,5.6%,71.9%,76.7%,69.6%,80.5%,15.2%,14.1%,13.4%,12.7%,55.6%,78.7%,80.7%,95.2%,83.3%,79.5%,77.4%,81%,82.9%,73.5%,69%,80.6%,78.3%,85.3%,68.6%,93.1%,78.3%,86.7%,77.9%,57%,61.5%,44.6%,44.9%,57%,72.3%,62.2%,78.2%,59%,53%,40.9%,41.8%,57.9%,52.2%,56.4%,53%,73.8%,66.7%,65.3%,51.8%,33.3%,31.6%,31.6%,3.4%,3%,3%,3%,95.2%,81.5%,91.5%,91.5%,3.9%,3.9%,3.9%,66.1%
37,Mount Washington/Coldspring,137,188,195,187,82,81,82,65,58,85,87,85,177,192,168,74,81,61,78,83,85,49%,53.9%,50.3%,47.1%,39.9%,36.8%,39.5%,40.9%,1.3%,2.1%,2%,2.8%,4.4%,6.9%,5.1%,3.7%,6.1%,6.2%,6.1%,4.6%,10.3%,14.1%,13.8%,14.1%,2%,2.6%,3.7%,2.7%,30.1%,35%,27.9%,28.6%,8.8%,11.2%,11.8%,8.8%,66.7%,80.5%,100%,89.5%,100%,97.1%,90.5%,89.5%,91.2%,94.3%,93%,87.5%,85.7%,70.3%,92.3%,95.8%,89.3%,83.8%,100%,50%,65.4%,81.8%,80%,60.7%,76.9%,90.9%,93.3%,68.8%,67.9%,75%,71.4%,86.7%,66.7%,69.6%,68.2%,80%,76.2%,95.2%,51.9%,52.4%,47.4%,47.4%,5.2%,3.5%,1.1%,1.1%,85.7%,86.7%,87.5%,87.5%,2.5%,4.1%,4.1%,87.9%
38,North Baltimore/Guilford/Homeland,262,259,247,273,88,111,110,147,120,100,100,118,242,240,254,92,106,140,95,97,111,46.6%,38.1%,34.8%,40.1%,42.4%,52.1%,53.6%,50.2%,1.2%,2%,1.9%,3.7%,7.3%,3.1%,3.6%,4%,4.5%,5.4%,3.6%,8.8%,20%,18%,21%,22.9%,2.6%,2%,3.2%,3.2%,35.1%,29.4%,24.8%,28.2%,12.2%,10.5%,10.4%,9.4%,83.6%,89.1%,95%,88.6%,91.7%,93.6%,88.9%,90.9%,90%,91.3%,100%,81.7%,86.7%,80%,81.4%,86.7%,91.1%,88.9%,96.5%,38.5%,69.6%,68.8%,80%,53.8%,91.7%,87.5%,94.5%,70.8%,75.9%,64%,63.4%,76.7%,73.9%,62.9%,54.3%,85.7%,85.2%,70.6%,53.1%,40%,27.3%,27.3%,0%,2%,1.9%,1.9%,96.3%,95.5%,80%,80%,2.6%,2.4%,2.4%,100%
39,Northwood,643,694,663,670,448,394,352,359,753,679,587,550,646,645,646,368,345,340,621,562,537,96.1%,97.8%,97.2%,96.7%,1.2%,1.1%,1.3%,1.4%,0.4%,0.7%,0.9%,1.5%,9.2%,13.1%,8.3%,9.4%,13.4%,12.4%,9.7%,7.2%,28.7%,30.6%,28.4%,26.7%,7.9%,7.2%,7.6%,6.4%,76.6%,74.6%,71%,78.6%,15%,13.9%,14.8%,14.1%,69.3%,69.6%,78.1%,85.7%,81.6%,85.1%,83.7%,91.6%,76.8%,74.6%,77%,81%,76.9%,86.3%,77%,90%,83.5%,85.5%,82%,31.8%,35.6%,57.8%,45.3%,50.8%,69.2%,72.6%,69.5%,38%,36%,36.2%,36.5%,38.6%,35.8%,32%,43.2%,50%,49.5%,40.2%,26%,23.9%,22.7%,22.7%,3.1%,3.2%,3.4%,3.4%,78.3%,79.7%,84.3%,84.3%,5.5%,6.1%,6.1%,95.1%
40,Oldtown/Middle East,738,637,696,738,322,352,342,350,585,466,432,454,604,680,735,333,336,340,405,416,432,96.9%,97.5%,96.7%,96.7%,0.8%,0.7%,0.8%,0.6%,0.5%,1.3%,1.8%,1.9%,16.5%,20.9%,16.5%,16.4%,29.5%,25.3%,13.7%,15.7%,47.2%,54.5%,52.5%,46%,9.4%,9.1%,10.7%,9.7%,92%,92.4%,85.6%,93%,17.9%,17.3%,17.3%,18.4%,72.2%,73%,77.2%,73.9%,66.4%,60.1%,65.6%,63.8%,65.4%,59.1%,57.8%,69.9%,63%,69%,47.8%,72.1%,75.9%,69.8%,61.1%,19.4%,16.9%,27.9%,32.7%,38%,46.2%,52.7%,57%,26.2%,22.5%,25.4%,21.6%,40.3%,27.6%,25.9%,27.7%,42%,38.1%,41.9%,17.9%,17.6%,15.2%,15.2%,3.6%,5.6%,6%,6%,67%,76%,81.2%,81.2%,9.1%,9.5%,9.5%,71.4%
41,Orangeville/East Highlandtown,448,578,606,663,262,273,250,258,287,315,314,300,511,576,614,245,240,238,272,295,281,25.1%,27.1%,25.7%,22.2%,36.2%,25.6%,22.5%,21%,34.6%,43.4%,48%,53.9%,10.5%,13.5%,13%,11.9%,21.4%,19%,19.2%,13.2%,42.5%,47.6%,46.2%,41.7%,4.4%,5.3%,5.3%,3.8%,81.1%,85.2%,79.4%,88.1%,18.3%,16.1%,14%,13.1%,76.8%,75.6%,70%,85.3%,78.4%,74.2%,58.9%,67.6%,70.7%,61.5%,65.1%,87.5%,76.1%,70.3%,72.5%,79.2%,74.7%,74.4%,77.6%,43.9%,45.8%,49.4%,46.5%,41.5%,67.1%,52.6%,66.7%,33.7%,30.9%,31.6%,34.3%,45.5%,48.7%,38.3%,36.7%,42.3%,42.9%,39.7%,33.1%,15.4%,19.8%,19.8%,4.2%,2.5%,10.9%,10.9%,72.1%,69.5%,67.2%,67.2%,5.1%,6.3%,6.3%,82.2%
42,Patterson Park North & East,930,829,827,936,506,360,404,473,647,513,489,535,765,785,894,333,387,447,463,466,499,74.5%,70.3%,66.7%,63.4%,7.5%,7.8%,8.4%,7.6%,14.9%,19.1%,22.1%,26.8%,10.4%,13.4%,10.5%,10.4%,21.5%,22.2%,23.3%,15%,46.1%,49.7%,47.4%,41.5%,8.8%,8.3%,7.9%,9.1%,88.2%,89.9%,81.6%,89.7%,16.4%,16.9%,15.1%,14.3%,53.5%,62.9%,66.3%,79.3%,74.4%,79.1%,71.6%,75.1%,66.9%,65.2%,65%,83.6%,66%,79.6%,73.5%,87%,71.2%,84.5%,79.6%,32.2%,32.7%,47.3%,33.6%,49.8%,62.5%,56.5%,64.7%,35.1%,26.2%,31.3%,32.4%,37.5%,37.9%,33.8%,31.1%,42.3%,42.1%,41.4%,25.3%,20.9%,22.2%,22.2%,4.2%,4.3%,8%,8%,70.7%,81.6%,72.5%,72.5%,7.2%,8%,8%,88.2%
43,Penn North/Reservoir Hill,597,654,666,660,338,349,350,342,601,552,495,516,624,648,636,329,341,334,510,483,487,97.7%,98.2%,98.2%,97.4%,0.8%,0.7%,0.9%,1.2%,0.2%,0.6%,0.6%,0.8%,10.7%,18.2%,15%,14.4%,17.5%,20.1%,19.4%,15.5%,43.9%,51.6%,48.3%,41.9%,12.3%,9.9%,11.7%,10.1%,89.8%,89.7%,82.3%,90.6%,18.8%,18.5%,18.6%,18.4%,66.9%,79.3%,81.9%,75.2%,80.4%,72.9%,75.2%,70.2%,69.2%,66.9%,59%,61.1%,49.1%,68%,78.9%,91.1%,73.9%,69.7%,72.6%,27.4%,23%,24.5%,21%,49.5%,49.5%,47.7%,58.8%,28.7%,34.1%,28.3%,25.8%,37.4%,30.1%,26.7%,29.1%,42.5%,37.7%,33.8%,18.1%,21.5%,16.2%,16.2%,5.3%,5.8%,4.8%,4.8%,72.7%,80.3%,71.3%,71.3%,8.4%,11.2%,11.2%,78.4%
44,Pimlico/Arlington/Hilltop,821,830,769,744,465,441,440,424,714,718,632,591,773,742,719,410,429,414,653,610,567,98.4%,97.8%,97.9%,97.6%,0.3%,0.8%,0.7%,0.9%,0.3%,0.5%,0.7%,0.9%,13.3%,14.2%,9.9%,12.5%,13.1%,17.2%,10.7%,13%,45.1%,44.4%,41.9%,39.1%,9%,8.7%,8.7%,9.9%,87.8%,85.8%,79.5%,89.2%,17.9%,16.6%,17.4%,17%,75.2%,56.7%,80.9%,77.7%,64.3%,67.8%,58.7%,71.9%,61.7%,67.3%,64%,55.5%,56.9%,65.9%,59.2%,81.1%,81.1%,67.4%,66.2%,24.8%,30.1%,33.3%,39.4%,54.2%,60.3%,59%,62.4%,35.8%,41.6%,37.6%,29.8%,42.1%,38.4%,34.6%,31.6%,45.8%,50.5%,36.7%,25.8%,30.2%,19.6%,19.6%,5.7%,5%,3.4%,3.4%,80.4%,85.2%,86.8%,86.8%,7.3%,8.8%,8.8%,92.2%
45,Poppleton/The Terraces/Hollins Market,411,360,350,349,236,202,198,188,299,305,290,286,337,342,343,190,192,185,279,280,282,95.9%,95.4%,95.8%,96.7%,2%,2.8%,2.6%,1.9%,0.5%,1.2%,1%,1%,14.1%,27.8%,19.1%,21.5%,21.2%,18.8%,22.2%,23.4%,50.2%,45.9%,46.6%,39.9%,10.7%,10.8%,11.3%,13%,91.2%,88.7%,84.1%,93.3%,22.9%,17.6%,21%,19.2%,56%,48.7%,84.2%,73.2%,59.7%,60%,60.7%,65.9%,66.1%,58.6%,58.3%,68.7%,62.9%,55%,40.7%,86.6%,72.1%,68.9%,58.2%,19.2%,28.8%,32.2%,32.7%,50%,50%,52.5%,52.8%,24.4%,33.3%,24.2%,27.2%,44.4%,31.3%,32.3%,36.6%,47.3%,49.4%,28.6%,25.6%,18.6%,20.2%,20.2%,5.2%,3.3%,4%,4%,75%,77.4%,76.2%,76.2%,10.5%,11.1%,11.1%,92%
46,Sandtown-Winchester/Harlem Park,1184,1090,1108,1137,617,529,555,551,1105,924,838,783,1037,1075,1116,514,541,543,840,808,755,98.3%,98.8%,98.7%,98.4%,0.6%,0.5%,0.5%,0.4%,0.1%,0.5%,0.6%,1%,13.7%,21.8%,14.1%,13%,18.3%,19.7%,15.5%,14.7%,41.9%,51.3%,49.3%,43.4%,9.6%,9.1%,10.6%,8.5%,89.4%,89.4%,82.2%,93.3%,17.7%,16.8%,17.5%,16.9%,69.3%,70.3%,83.6%,71.2%,59.8%,57.1%,57.3%,65.4%,56.4%,54.8%,50.9%,58.8%,47.6%,66.5%,56.3%,75.4%,67.9%,69.9%,61.6%,22.3%,22.4%,29.4%,25.3%,39.6%,49%,47.2%,49.4%,29.6%,28.9%,29.1%,27.4%,32.9%,30.6%,31.1%,32.9%,46.4%,37.7%,32.2%,22.8%,17.8%,22%,22%,6.6%,6.7%,4.5%,4.5%,75.5%,73.5%,80.5%,80.5%,10.6%,11.3%,11.3%,79.7%
47,South Baltimore,132,120,114,142,55,54,64,55,76,63,63,55,109,113,139,48,64,52,58,59,50,11%,7.4%,8.9%,8.2%,78.9%,82.4%,84.4%,87%,3.9%,5.4%,2.9%,2.1%,15.9%,5%,7.9%,11.3%,27.3%,20.4%,21.9%,16.4%,42.1%,34.9%,33.3%,27.3%,2.6%,1.9%,3.9%,2%,59.4%,63.7%,55.2%,57.6%,21.1%,16.3%,15.2%,11.2%,73.3%,92.1%,90.5%,100%,96%,94.4%,86.2%,94.4%,92%,88.9%,86.2%,81.8%,73.9%,100%,89.5%,86.4%,95.5%,86.7%,94.7%,45%,58.3%,73.3%,58.8%,75%,83.3%,80%,82.4%,53.6%,47.6%,57.1%,58.3%,47.6%,44.4%,50%,73.3%,72.2%,57.1%,72.7%,54.8%,33.3%,26.7%,26.7%,2.9%,4.8%,3.2%,3.2%,87.5%,81.8%,84.2%,84.2%,3%,1.2%,1.2%,37%
48,Southeastern,362,354,337,367,192,164,166,179,239,199,174,176,319,315,343,148,152,163,181,158,171,54%,52.3%,50.9%,48.8%,18.7%,21.2%,20.5%,20%,22.2%,24.4%,26.3%,28.4%,6.9%,13.8%,5.6%,4.9%,10.4%,12.8%,5.4%,5%,33.9%,49.7%,47.7%,43.2%,6.1%,6.6%,6.5%,4%,82.5%,88.6%,81.6%,88.2%,19.2%,17.6%,18.4%,16.1%,68.9%,89.9%,93.8%,79.4%,72.3%,66.7%,87.5%,58.8%,66.2%,63.1%,73.2%,88.1%,56.1%,70.2%,69.4%,86.4%,66.7%,70.8%,66.1%,53.6%,53.3%,51.2%,52.3%,73.2%,75.6%,69.8%,54.5%,38.4%,40.6%,27.8%,25.9%,43.5%,43.6%,43.9%,42%,31.7%,26.9%,37.5%,21.9%,20.6%,27.8%,27.8%,5%,2.5%,9.9%,9.9%,81.4%,82%,75.8%,75.8%,6.3%,6.2%,6.2%,93.2%
49,Southern Park Heights,854,765,799,874,482,407,430,450,848,704,664,691,716,774,841,385,421,430,625,637,657,97.8%,98.5%,97.9%,97.3%,0.3%,0.4%,0.5%,0.7%,0.5%,0.6%,0.9%,1.3%,14.4%,19.1%,18.1%,16.6%,14.5%,18.9%,13.5%,18.2%,47.1%,45%,45.3%,39.9%,7.8%,8%,8.7%,8%,87.5%,88.6%,80.7%,89.3%,19.7%,17.1%,17.7%,16.7%,62%,79.8%,63.2%,80.9%,72.1%,66.1%,58.5%,76.5%,66.7%,52%,57.5%,51.2%,64.1%,55.3%,50.7%,76%,72%,69.3%,69.1%,33.8%,29%,38.4%,37.7%,52%,62.3%,49.6%,73.3%,31.6%,32.5%,31.2%,38.2%,41%,34.3%,29.8%,33.3%,41.1%,41.4%,44.1%,24%,21.5%,19.7%,19.7%,5.9%,7.8%,4%,4%,81.3%,70.5%,82.1%,82.1%,8.2%,11.5%,11.5%,82.7%
50,Southwest Baltimore,1663,1371,1327,1364,813,676,644,697,1154,1027,945,897,1251,1271,1305,625,619,682,935,912,869,86.1%,85%,85.1%,84.4%,9.1%,10.3%,9.6%,10%,2.3%,3%,3.5%,3.9%,14.9%,22%,17.1%,16.7%,20%,21.7%,20.8%,17.4%,43.6%,57.8%,52.1%,44.3%,9.1%,8.9%,8.5%,8.9%,90.9%,90.8%,83.3%,93.4%,20.2%,19.3%,18.5%,18.1%,56.1%,68%,69.1%,71.1%,65.4%,65.9%,58.7%,68.9%,65.3%,55%,49.2%,74.7%,60.7%,61.4%,55.4%,80.3%,74%,67.9%,66%,22.2%,26.1%,31.5%,32.1%,42.5%,60%,48.1%,54.7%,27.4%,34.4%,27.2%,23.6%,38.1%,31.4%,34.1%,28.6%,46.3%,43.2%,37.6%,21.9%,21.2%,20.5%,20.5%,3%,5.6%,4.8%,4.8%,71.7%,80.9%,76.2%,76.2%,10.4%,11.5%,11.5%,88.8%
51,The Waverlies,465,504,470,444,284,283,267,262,468,426,395,393,475,456,435,266,261,252,380,377,375,95.1%,93.1%,93.6%,92.8%,1.6%,3.7%,2.8%,3.2%,1.4%,2%,2.6%,3%,10.5%,20.4%,13.6%,17.3%,13%,19.4%,13.1%,8%,39.7%,43.2%,38.2%,37.9%,8.5%,7.8%,8.1%,6.6%,83.4%,83.3%,75.2%,85%,16.3%,15.2%,15.6%,15.7%,64.4%,74.1%,78.4%,81.7%,69.2%,75.6%,66%,81.7%,62.8%,65.1%,67%,60.6%,69.8%,76.7%,61.8%,71.8%,69.8%,73.6%,74.2%,23.8%,35.2%,48.8%,30.5%,51.2%,64.1%,76.3%,61%,35.6%,37.9%,37.5%,34.1%,45.9%,30.1%,38.1%,34.1%,51%,50.4%,48%,20.5%,19.4%,17.4%,17.4%,3%,3.3%,4.2%,4.2%,75.6%,82.5%,77.6%,77.6%,8.2%,9.1%,9.1%,88.5%
52,Upton/Druid Heights,911,857,900,886,309,411,406,390,632,574,543,525,822,886,865,398,399,383,509,526,510,98.3%,98.2%,98.4%,97.8%,0.2%,0.7%,0.5%,0.6%,0.1%,0.5%,0.6%,1%,8.3%,20.4%,17.6%,19.5%,22.3%,15.8%,22.2%,21%,49.8%,55.1%,51.6%,41.9%,12%,11.4%,13.4%,12.7%,92.7%,93.8%,86.4%,94.8%,17.2%,18.3%,17.7%,18.3%,67.3%,78.1%,74%,70.9%,64.2%,63.2%,50.3%,64.5%,62.9%,57.9%,51.1%,64.5%,60.2%,63.4%,54.2%,69.1%,66.2%,72.2%,59.6%,13.6%,18.9%,17.9%,20.6%,38.6%,43.4%,37.1%,39.4%,24.7%,29.7%,30.7%,25.3%,30.6%,29.1%,31.6%,29.3%,38%,37.4%,31.3%,18.9%,15.1%,18.1%,18.1%,3.6%,4.2%,5.2%,5.2%,76.2%,79.5%,75.7%,75.7%,10%,10.7%,10.7%,76.1%
53,Washington Village/Pigtown,294,311,341,318,172,162,165,173,234,219,203,204,293,296,308,150,156,169,203,195,197,75.7%,76.6%,77%,77.8%,18.9%,17.2%,15.4%,15.7%,1.1%,2.1%,2.6%,2.7%,12.6%,17.4%,14.4%,13.2%,16.9%,29%,23.6%,28.9%,39.3%,47.5%,41.4%,35.3%,9.7%,9.5%,8.9%,7.6%,87.4%,87.8%,81.1%,89.8%,15%,15.6%,16.6%,15.8%,64.6%,82.2%,94%,69.6%,82.7%,72.9%,53.7%,60.7%,82.7%,60.3%,59.3%,76.6%,64.5%,67.9%,73.6%,78.7%,78.7%,71.2%,79.6%,16%,20%,41.7%,31.3%,52%,66.7%,68.8%,55.1%,44.1%,41.3%,36.8%,38.9%,38.5%,43.3%,28.8%,43.1%,50.7%,40.7%,53.8%,19.8%,12.2%,23.2%,23.2%,8.1%,3.7%,5.3%,5.3%,77.4%,79.3%,75%,75%,7.7%,9.1%,9.1%,77%
54,Westport/Mount Winans/Lakeland,499,645,620,639,300,300,296,324,439,384,377,368,583,593,610,269,285,302,344,361,350,82.4%,77.4%,74.7%,73.6%,6.3%,7.5%,7.1%,7.6%,9.9%,14.2%,17%,17.8%,13.6%,17.5%,11%,16.6%,18%,14.7%,14.9%,16%,39%,45.3%,42.4%,38%,6.1%,6.6%,6.7%,8%,88%,87%,82.2%,91.2%,18.2%,17.5%,15.9%,15.5%,75.8%,69.7%,86.3%,88%,76.5%,81.3%,67.2%,85.9%,69.5%,60.7%,68.4%,88.9%,56.1%,63.9%,63.4%,81.9%,66.7%,76.9%,74.3%,36%,41.2%,44.3%,36%,53%,65.2%,62.1%,65.6%,33.9%,37.7%,31.9%,35.2%,38.3%,36.2%,38.5%,36.8%,49.2%,48.1%,47.6%,30.1%,18.2%,19.5%,19.5%,3.6%,3.6%,3.6%,3.6%,80.5%,83.1%,77.4%,77.4%,7.8%,7.5%,7.5%,97.1%
55,Baltimore City,32735,33791,32791,33054,18778,17999,17463,17481,28653,26983,24707,23902,31234,31604,31853,16659,16986,16817,24311,23706,22950,87.3%,85.9%,85.1%,84.5%,7.3%,8.2%,8.1%,8.1%,2.9%,4.1%,4.8%,5.6%,12.3%,16.6%,12.7%,13.1%,16.9%,16.7%,15.1%,13.3%,39.7%,42.1%,40.4%,35.6%,8.7%,7.9%,8.3%,7.7%,83.2%,82.8%,76.2%,85.1%,17.3%,16.3%,16.5%,16.2%,66.2%,73.1%,77.6%,77.5%,73.3%,73.6%,68.1%,72.5%,69.4%,65.5%,64.9%,70.9%,64.7%,70.4%,65%,80.4%,76.1%,75.8%,73.6%,31%,35.1%,39.5%,37.9%,52%,61.2%,58.8%,62%,37.3%,36.2%,34%,32.5%,42.7%,36.2%,36.4%,36.7%,48.8%,45.4%,44.5%,25.9%,22.5%,21%,21%,3.9%,4.2%,4.1%,4.1%,78.4%,80.3%,80.3%,80.3%,7.2%,7.1%,7.1%,87.9%
